settlement_date,book,node,expected,settled,variance,cause
2025-01-01,South,CORYCELL_138,1211650.648357744,1259254.784518165,-13326.573193863198,Metering Correction
2025-01-02,South,WOODLANDS_69,1184254.024186473,998772.0145886263,-179533.6806422633,Outage
2025-01-03,South,HB_WEST,1033792.8768629624,2135353.7295348607,150538.57876439643,RT-DA Spread
2025-01-04,South,CORYCELL_138,1133398.7108042128,1337407.4967689384,189081.6593559435,CRR Surplus
2025-01-05,Houston,CORYCELL_138,2062075.8152255318,1162539.359989215,-40824.50807276893,Metering Correction
2025-01-06,Houston,WOODLANDS_69,2106372.524056241,2231129.5809798585,-55418.766474517564,Metering Correction
2025-01-07,Houston,CORYCELL_138,2434128.5557055674,1463075.026171255,-120792.68958957051,Outage
2025-01-08,Houston,HB_WEST,976411.1306161274,2092496.8858721831,78479.97955035647,Metering Correction
2025-01-09,West,CORYCELL_138,1055979.2534190267,665167.5058980216,-49448.347143970954,Outage
2025-01-10,North,WOODLANDS_69,2304737.8921149755,740364.909026355,-214103.72142512968,CRR Surplus
2025-01-11,West,CORYCELL_138,1759788.8777999235,1440153.6989814271,-29864.911430625347,RT-DA Spread
2025-01-12,South,CORYCELL_138,1726795.7922036112,1725949.085398532,127767.32733422847,RT-DA Spread
2025-01-13,North,WOODLANDS_69,2112280.673837589,1440528.870333238,-171694.9186632802,Outage
2025-01-14,Houston,HB_HOUSTON,1740050.6270578979,1431930.224126331,-151039.0335022822,CRR Surplus
2025-01-15,South,HB_WEST,905689.2666249627,1195010.9582253015,-344097.71281017706,RT-DA Spread
2025-01-16,South,WOODLANDS_69,2328592.551356257,1402897.9320393438,-89681.5701659795,RT-DA Spread
2025-01-17,Houston,WOODLANDS_69,1027657.4520684623,2025329.7867651978,-95763.75579491886,Outage
2025-01-18,North,WOODLANDS_69,1616244.0004983644,1906382.1186709732,225128.9440648384,CRR Surplus
2025-01-19,South,HB_HOUSTON,1419704.6545193961,1028623.8377710278,-121785.27180641006,RT-DA Spread
2025-01-20,Houston,WOODLANDS_69,1428786.4971174654,1836020.1586292426,63318.57699163671,RT-DA Spread
2025-01-21,South,HB_NORTH,1283179.4616590478,1778841.9997032874,-299430.4465979331,RT-DA Spread
2025-01-22,North,HB_HOUSTON,2427220.6712329034,870533.3666800803,-132250.48214438412,Metering Correction
2025-01-23,West,HB_WEST,942989.994585172,2074801.2311570512,-94768.11975622873,CRR Surplus
2025-01-24,North,HB_NORTH,2164224.6865761606,749248.7915151911,21923.932182069664,Metering Correction
2025-01-25,South,HB_WEST,1467288.0404942574,657730.1140530299,15615.807986114676,RT-DA Spread
2025-01-26,West,HB_WEST,889487.7218196923,1978933.855808244,149135.95737815596,Outage
2025-01-27,North,HB_SOUTH,1774155.099400688,1719232.9010127306,-203998.90015717378,Outage
2025-01-28,South,WOODLANDS_69,1432741.129688227,963446.3398761307,-80455.73518447223,RT-DA Spread
2025-01-29,South,CORYCELL_138,1175017.0149481655,1845245.034294646,-42081.851963903726,CRR Surplus
2025-01-30,West,HB_WEST,1429702.5695625013,2100858.2540530134,-82009.4341550616,Outage
2025-01-31,Houston,CORYCELL_138,2461099.211707982,941115.8511123217,-214758.05663940596,Metering Correction
2025-02-01,West,HB_HOUSTON,2102066.892349185,1202631.164847692,23353.821725828602,Outage
2025-02-02,West,HB_HOUSTON,2193924.9491172004,2005748.3668879604,-145092.0035493918,RT-DA Spread
2025-02-03,Houston,HB_SOUTH,1693369.2690953782,1907582.5092945588,8813.939295180877,Metering Correction
2025-02-04,Houston,HB_SOUTH,1302303.9621969128,1650283.60532684,-39813.65340658022,RT-DA Spread
2025-02-05,West,CORYCELL_138,1731937.0001025186,1292949.0425453556,-137894.34861635807,RT-DA Spread
2025-02-06,Houston,CORYCELL_138,1727463.6161902216,1335600.1601788518,-95391.39649593292,Outage
2025-02-07,Houston,HB_HOUSTON,1052154.1600691983,1363460.5124664165,-225675.34303610364,Metering Correction
2025-02-08,North,HB_HOUSTON,1925368.1380156004,2175242.3345405073,-84350.70157258841,CRR Surplus
2025-02-09,Houston,HB_SOUTH,2128164.4466958717,1511580.052098312,-119183.13173375619,Outage
2025-02-10,North,HB_WEST,1733165.9626380322,1492672.7737265588,-88129.12362803907,Outage
2025-02-11,South,HB_WEST,1474647.7798880066,1254664.0773882624,-68271.21246369075,RT-DA Spread
2025-02-12,Houston,HB_NORTH,1886041.5587782855,1704108.4963963672,5426.592983014976,RT-DA Spread
2025-02-13,Houston,HB_SOUTH,1713391.2398333391,1563602.4890312944,61364.60773706701,CRR Surplus
2025-02-14,North,CORYCELL_138,941249.2104859862,1729769.060684354,-26825.679539051787,Metering Correction
2025-02-15,Houston,HB_SOUTH,1436586.0327728665,2203018.514950619,93800.4719134073,CRR Surplus
2025-02-16,North,HB_WEST,2374763.211791157,1978479.2214093641,-97064.67412253539,Outage
2025-02-17,South,HB_WEST,904567.4850699757,753683.9653737738,-76423.1196986547,Metering Correction
2025-02-18,Houston,WOODLANDS_69,1282495.0178407524,2272552.0092037255,202620.7245950092,RT-DA Spread
2025-02-19,Houston,HB_HOUSTON,2256165.0762377987,1053001.6397610712,34084.044337614716,Outage
2025-02-20,West,HB_WEST,802270.0713634165,1711499.3849245678,-278857.14050882735,Metering Correction
2025-02-21,South,HB_SOUTH,2399979.1192277446,1674121.6751338313,-119196.64879284504,Outage
2025-02-22,North,HB_HOUSTON,1969897.619254518,724100.2280805892,2779.289202108739,CRR Surplus
2025-02-23,Houston,WOODLANDS_69,1444491.757151972,2277906.0662102066,74010.17537628143,RT-DA Spread
2025-02-24,Houston,HB_HOUSTON,848448.4598977994,1360590.178867561,-172603.98065153623,CRR Surplus
2025-02-25,Houston,WOODLANDS_69,877588.6636047851,1987996.1777384467,-44727.61773948655,CRR Surplus
2025-02-26,Houston,HB_HOUSTON,1302472.931466872,1282648.8710197927,-68208.96398667234,CRR Surplus
2025-02-27,South,WOODLANDS_69,1920529.9365145338,1266584.9861416877,-155780.4460066924,RT-DA Spread
2025-02-28,South,HB_NORTH,914342.8027027455,1748084.1853030433,168717.07278741925,RT-DA Spread
2025-03-01,West,CORYCELL_138,2298805.5587540288,1212814.1185280124,-247023.69842027855,Outage
2025-03-02,Houston,HB_NORTH,2257994.927772681,1359754.1414874247,-27721.943186218494,RT-DA Spread
2025-03-03,South,WOODLANDS_69,1284774.8457618929,1433917.521126885,-312927.19189947343,Outage
2025-03-04,West,CORYCELL_138,1130591.948781201,1361927.931846405,77712.75764298021,Outage
2025-03-05,West,WOODLANDS_69,1530015.218943487,1159850.3848202012,-9676.38371866371,CRR Surplus
2025-03-06,South,WOODLANDS_69,1279969.4544646242,1959722.1570041028,-73559.65928538163,CRR Surplus
2025-03-07,South,CORYCELL_138,2415695.0575135853,1973546.909913044,-105133.62192558193,Metering Correction
2025-03-08,South,WOODLANDS_69,1790597.142685798,1932525.3510755117,-15420.320279372521,CRR Surplus
2025-03-09,South,HB_SOUTH,2051345.6909794994,683566.5072078622,-166543.635780778,Outage
2025-03-10,Houston,WOODLANDS_69,1702044.672551189,1504301.232521315,73761.83557809763,Metering Correction
2025-03-11,Houston,CORYCELL_138,2222250.9669127367,1983404.9071310721,77048.15883769093,RT-DA Spread
2025-03-12,West,HB_SOUTH,966209.1029543655,661027.649489858,222346.59523099853,CRR Surplus
2025-03-13,South,WOODLANDS_69,2028588.862592594,1042884.9089295787,-156071.2288266906,RT-DA Spread
2025-03-14,Houston,HB_HOUSTON,2104870.874075711,1522643.1466879034,68174.3320190234,CRR Surplus
2025-03-15,West,HB_SOUTH,1412484.0498419658,1275093.4983300483,-188381.72569055433,CRR Surplus
2025-03-16,South,HB_WEST,945194.650690034,1949569.5360007156,106333.92957808985,Metering Correction
2025-03-17,Houston,HB_NORTH,1910609.0479968688,1565081.768108128,-112537.1311025797,Metering Correction
2025-03-18,Houston,HB_SOUTH,1316966.0855949216,1802211.660673499,-142190.28725590772,CRR Surplus
2025-03-19,Houston,CORYCELL_138,1792200.7691838113,699601.4144983086,-121481.83515507144,Metering Correction
2025-03-20,Houston,WOODLANDS_69,2297734.381289489,875668.8418347718,-27200.908059717534,CRR Surplus
2025-03-21,South,WOODLANDS_69,2214352.0073913885,1487634.2342567719,59392.68206346754,RT-DA Spread
2025-03-22,West,HB_SOUTH,1779011.942084717,2009387.010578366,-108259.08248877751,Metering Correction
2025-03-23,West,HB_SOUTH,984593.6117926835,763107.2426331653,-106542.4734978897,CRR Surplus
2025-03-24,West,HB_HOUSTON,1560756.0156822933,681585.8778522257,21741.256952566124,CRR Surplus
2025-03-25,Houston,WOODLANDS_69,2033903.9799024297,1718933.293199402,21686.262923712973,CRR Surplus
2025-03-26,West,HB_NORTH,1763900.3077152607,1402441.0467491047,-52834.99891275807,RT-DA Spread
2025-03-27,South,HB_HOUSTON,1359797.507821726,1139087.7007960172,-27456.15918976005,CRR Surplus
2025-03-28,South,HB_NORTH,1324285.4007903307,892486.212321461,100857.97202798992,RT-DA Spread
2025-03-29,Houston,HB_NORTH,1953366.6915417593,1135245.7996143466,242671.4333466075,Metering Correction
2025-03-30,Houston,CORYCELL_138,1873870.262487519,1085557.2016618322,-38022.31263706529,RT-DA Spread
2025-03-31,South,WOODLANDS_69,1806826.221089325,737692.6563268363,-159050.32656932925,Outage
2025-04-01,South,HB_HOUSTON,2418414.0542869107,1641025.6810241942,-126304.74276300709,CRR Surplus
2025-04-02,South,HB_SOUTH,2321229.9738618853,2060588.3379693185,-136294.58821085948,Metering Correction
2025-04-03,West,HB_WEST,1333826.9270826303,1849494.2601364087,-112130.32351835225,Metering Correction
2025-04-04,West,HB_WEST,1223259.432089844,1668786.1286252574,61928.42398838705,RT-DA Spread
2025-04-05,North,WOODLANDS_69,2368650.211707875,1144357.2552903541,206910.34213271778,Metering Correction
2025-04-06,North,CORYCELL_138,1154120.7350398232,1519595.5693469986,26324.250639704376,Metering Correction
2025-04-07,North,CORYCELL_138,2461167.954249597,1101753.0685506284,35624.68002884601,Metering Correction
2025-04-08,Houston,CORYCELL_138,1166258.9221751092,899459.8122572084,42694.17995262226,RT-DA Spread
2025-04-09,North,CORYCELL_138,984076.6917389048,805643.2397096124,49520.225254916106,RT-DA Spread
2025-04-10,West,HB_HOUSTON,1464139.6139230551,787866.6667745103,-200940.1466727212,RT-DA Spread
2025-04-11,West,HB_NORTH,2331680.989092513,1415106.164524281,-90860.80041945924,Outage
2025-04-12,North,HB_SOUTH,2043302.3682060747,1838958.9208622552,-88041.73558348799,RT-DA Spread
2025-04-13,West,HB_SOUTH,1817604.885838578,1423093.3555452721,-112968.68414120439,Outage
2025-04-14,Houston,HB_HOUSTON,1992660.5655097547,1627486.095328502,-115905.56985563076,Metering Correction
2025-04-15,North,WOODLANDS_69,1684269.082790987,1584423.8825772838,-98576.75936028303,CRR Surplus
2025-04-16,West,HB_SOUTH,1340305.522837028,1154973.0288223624,-155164.0837401942,RT-DA Spread
2025-04-17,South,HB_WEST,1644900.7217794403,2169045.4856520505,67362.78828754491,CRR Surplus
2025-04-18,North,HB_SOUTH,1445646.7073385587,1863975.9457723324,38692.54305378739,Outage
2025-04-19,West,WOODLANDS_69,2105638.3771891464,1841995.0769820448,108988.27170295885,Metering Correction
2025-04-20,South,HB_NORTH,1083448.1752634724,1486870.8785764026,-149196.42411124578,Metering Correction
2025-04-21,North,WOODLANDS_69,1564752.7429450834,963099.6691453261,-112418.24385905864,CRR Surplus
2025-04-22,Houston,HB_SOUTH,981328.392431939,1359512.8926631145,116728.32767168371,Metering Correction
2025-04-23,North,HB_NORTH,873593.960033744,1019725.7480726575,-43246.06223945692,Outage
2025-04-24,North,CORYCELL_138,1195190.1409847543,962311.0107459663,-28488.5646183293,Metering Correction
2025-04-25,South,HB_HOUSTON,1073772.1711752417,816741.7296016556,-116616.49127911498,CRR Surplus
2025-04-26,North,HB_WEST,2129158.322263976,1091799.698235452,-8946.823794338,CRR Surplus
2025-04-27,West,WOODLANDS_69,1072692.7907578466,1762647.1213143226,152341.69516205584,Metering Correction
2025-04-28,West,HB_SOUTH,1942990.0685070634,1927855.9855238178,9510.025064119742,RT-DA Spread
2025-04-29,North,HB_WEST,1654886.8340425487,2192564.3375395834,97818.87125003894,RT-DA Spread
2025-04-30,West,HB_SOUTH,1413922.422332872,1467297.6179530045,-31985.668473103782,CRR Surplus
2025-05-01,North,CORYCELL_138,904845.4198801152,1732390.6169294473,-170479.44043320854,Metering Correction
2025-05-02,Houston,HB_NORTH,1508747.5180963576,2208518.6360482723,-76119.25871583063,CRR Surplus
2025-05-03,West,WOODLANDS_69,1766787.9792662216,1758708.5162807186,12954.786726007958,Metering Correction
2025-05-04,Houston,HB_HOUSTON,1000093.790455781,1822881.6698187587,-204450.30322054224,Outage
2025-05-05,South,HB_HOUSTON,2346385.7515885564,1938031.2583918157,110968.7824948704,Outage
2025-05-06,North,HB_WEST,988358.8441948652,1052739.5896058737,779.7859310548884,Outage
2025-05-07,Houston,HB_NORTH,2211979.3017230034,1925225.2186200614,10208.357390917787,CRR Surplus
2025-05-08,Houston,HB_HOUSTON,2131519.362980245,2121755.35273989,-40192.32923052116,Outage
2025-05-09,South,HB_WEST,2303972.0493869567,759288.1336486016,196307.6954979066,RT-DA Spread
2025-05-10,South,HB_NORTH,980460.5966208999,2147521.3081212398,-2412.2247082837275,Metering Correction
2025-05-11,Houston,CORYCELL_138,1582306.3504407003,1148871.445957394,-12925.828956977737,CRR Surplus
2025-05-12,South,CORYCELL_138,1334689.837516448,2069012.4909156393,14200.92712230987,Outage
2025-05-13,North,HB_WEST,1965648.8346671883,732929.0765902398,-58555.40789828998,CRR Surplus
2025-05-14,South,WOODLANDS_69,1118096.7132788775,2174669.6500041587,-37966.376028624065,CRR Surplus
2025-05-15,South,CORYCELL_138,952951.3872269545,1174317.5489628024,-72038.91434712574,CRR Surplus
2025-05-16,Houston,WOODLANDS_69,1171973.1220238444,1925243.5480109951,-94871.23071660637,Metering Correction
2025-05-17,West,HB_SOUTH,2486284.25806941,795356.3493345835,73341.92962250901,Outage
2025-05-18,North,HB_SOUTH,1233503.8722094784,1985357.4162035757,-25669.30409931922,RT-DA Spread
2025-05-19,Houston,HB_NORTH,1287237.7973467137,1229431.7312264387,-180343.90372570587,RT-DA Spread
2025-05-20,South,CORYCELL_138,2027155.5117345257,2120282.351646594,-34226.55829373708,Outage
2025-05-21,North,HB_HOUSTON,1329964.0957699246,1500427.8009020954,65120.06543465106,Outage
2025-05-22,Houston,HB_WEST,1698306.2289160937,2148398.134235863,-53522.584730615585,RT-DA Spread
2025-05-23,Houston,HB_HOUSTON,2076443.9187862128,1505305.2363796548,56745.40433687107,Outage
2025-05-24,South,HB_SOUTH,1369241.7450990146,2086048.559482172,56830.40257356406,Metering Correction
2025-05-25,West,CORYCELL_138,1413164.1130245975,1489690.2556386522,166360.35915365475,Outage
2025-05-26,West,HB_HOUSTON,1179592.3348080975,1367368.9005981197,-145197.93481985896,RT-DA Spread
2025-05-27,South,HB_WEST,2074851.521065949,1902769.9401968694,-211529.89346488038,RT-DA Spread
2025-05-28,West,HB_NORTH,2487957.0590719376,1241653.8925692665,-174734.99966458467,CRR Surplus
2025-05-29,Houston,HB_NORTH,906042.9795035957,1873299.237452277,101970.44176476289,Outage
2025-05-30,Houston,HB_WEST,1491927.5080376347,1382542.9440914495,4432.812683273449,CRR Surplus
2025-05-31,North,WOODLANDS_69,1383543.0973522929,958188.4501587246,152836.8292072153,RT-DA Spread
2025-06-01,Houston,HB_SOUTH,1403170.7976598614,2260127.6908457177,-198553.67761644907,Outage
2025-06-02,Houston,WOODLANDS_69,1691177.0726232114,1100814.2312933481,13856.597895969782,RT-DA Spread
2025-06-03,West,HB_WEST,1919776.8563351033,1243743.4949396576,23115.597261794755,Outage
2025-06-04,South,HB_WEST,1635070.4392499556,1519920.5863554622,69612.3800369047,Outage
2025-06-05,South,CORYCELL_138,2094368.6830452369,1972082.8311158034,-169482.8197829516,Outage
2025-06-06,North,HB_HOUSTON,907570.9496038547,1403273.4029899095,124054.07632316294,RT-DA Spread
2025-06-07,North,HB_WEST,2161249.9403401036,1047370.2841366038,76866.06693976498,RT-DA Spread
2025-06-08,West,WOODLANDS_69,2300594.580030713,1780637.4745474835,-85566.38532390032,CRR Surplus
2025-06-09,South,HB_WEST,1815688.1213949379,1933520.2556940275,-51394.571312189284,Metering Correction
2025-06-10,Houston,HB_NORTH,1343687.6777689918,1980075.8154680575,104066.05717976147,CRR Surplus
2025-06-11,North,HB_HOUSTON,1605542.8829657226,1536045.2425315608,-144754.8815277314,Metering Correction
2025-06-12,South,HB_NORTH,1812200.803958205,1785225.35552688,10088.870739153273,Outage
2025-06-13,South,HB_SOUTH,2153704.92764392,1218781.9510890106,-4111.4115240207175,CRR Surplus
2025-06-14,West,HB_NORTH,2132580.955921927,889470.0010936655,36679.4068546949,Outage
2025-06-15,West,WOODLANDS_69,1390424.9269566112,900978.5671763422,-190217.86991110066,Metering Correction
2025-06-16,Houston,WOODLANDS_69,1536161.7989636145,720851.4348980642,-105818.73498883791,RT-DA Spread
2025-06-17,North,HB_SOUTH,2100964.0326288836,1036261.343874304,-100149.84505708609,Metering Correction
2025-06-18,West,WOODLANDS_69,1528203.7767891097,1738129.9418633454,-150598.4853005692,Metering Correction
2025-06-19,South,HB_SOUTH,1879853.934495673,2149460.454728775,19930.23228121337,Outage
2025-06-20,Houston,HB_HOUSTON,2477754.1476703333,1958370.4683325049,-34161.107063384115,Outage
2025-06-21,North,HB_SOUTH,2228992.9137568083,1914595.1896113136,-92708.62161182068,Metering Correction
2025-06-22,Houston,HB_WEST,1170620.0498846595,2150523.809504856,-40089.82835729999,CRR Surplus
2025-06-23,Houston,HB_WEST,1500130.0182117922,1026044.3436115442,-107309.45586236715,CRR Surplus
2025-06-24,Houston,HB_NORTH,1726920.5054880162,747296.1579406467,-109573.46511722598,Outage
2025-06-25,West,HB_NORTH,1816825.8435184984,1342969.9193265438,-19299.18772297592,RT-DA Spread
2025-06-26,North,HB_HOUSTON,1306311.5195495675,1271447.8122107466,68115.18093213375,Metering Correction
2025-06-27,South,HB_SOUTH,2363506.2893255223,1635701.0549988225,-7583.399873667673,RT-DA Spread
2025-06-28,Houston,HB_WEST,2346822.1420064643,1446568.1567937844,-278821.48476434697,CRR Surplus
2025-06-29,Houston,HB_NORTH,1078620.9218102973,1884710.84048888,-180113.31069453564,Metering Correction
2025-06-30,Houston,CORYCELL_138,2380551.6379667334,1964072.120320317,8389.358325578789,RT-DA Spread
2025-07-01,West,WOODLANDS_69,1557179.6915711768,1602181.3251610273,89981.666933565,RT-DA Spread
2025-07-02,West,HB_HOUSTON,1544967.6461466872,992948.3081471629,208688.55845694905,Outage
2025-07-03,West,HB_SOUTH,1110660.990634573,2099451.71456679,-143214.8282096044,RT-DA Spread
2025-07-04,North,HB_HOUSTON,942629.0782125572,1086131.792624215,19408.630303484904,RT-DA Spread
2025-07-05,North,HB_SOUTH,1222393.9043975887,1912886.4185724158,-76070.77777623174,RT-DA Spread
2025-07-06,Houston,HB_SOUTH,2296136.5130318543,1488271.5469735842,-95196.259120656,CRR Surplus
2025-07-07,Houston,HB_HOUSTON,1491889.045711671,1568567.7938179262,11408.309183378937,CRR Surplus
2025-07-08,Houston,HB_NORTH,2363355.1129908157,915910.4497403919,-2600.2925241593257,Outage
2025-07-09,West,HB_NORTH,1819510.4626027383,1591518.7482285178,-227253.3428453843,Metering Correction
2025-07-10,Houston,HB_SOUTH,813998.4472908872,2027268.2467443373,-75456.62360996728,CRR Surplus
2025-07-11,South,HB_WEST,1362405.5342602462,1371155.937752288,-33294.955189608256,Metering Correction
2025-07-12,Houston,HB_SOUTH,1016895.3549795577,1183915.9599116547,-14089.77168441475,Metering Correction
2025-07-13,West,CORYCELL_138,2067339.8592551427,1093864.103212417,103518.2376742381,Metering Correction
2025-07-14,North,HB_NORTH,1950931.998849935,1429045.699765585,-38594.464523756316,CRR Surplus
2025-07-15,South,HB_HOUSTON,1188446.0431141476,1056705.7104632969,-119300.90938527649,CRR Surplus
2025-07-16,West,HB_SOUTH,1154576.03086611,1373831.2624789132,-67472.13204479846,CRR Surplus
2025-07-17,North,HB_NORTH,2334239.7133669555,1470412.2552025476,-66043.20804580321,Metering Correction
2025-07-18,North,HB_NORTH,999558.1011533024,931755.0328394398,166264.19403889953,Outage
2025-07-19,Houston,HB_SOUTH,856117.9042049081,2061659.4729431327,17597.776638982323,RT-DA Spread
2025-07-20,South,HB_SOUTH,1422650.3540817583,1839065.099394388,15103.46567487636,RT-DA Spread
2025-07-21,Houston,HB_NORTH,1758450.8078700118,1998818.930298272,-76449.13636111717,Outage
2025-07-22,Houston,CORYCELL_138,2362450.3404097296,2074159.7336603245,-268534.28798499366,Metering Correction
2025-07-23,Houston,HB_HOUSTON,2349630.5401151837,1490693.4828198166,-176289.70040643273,Metering Correction
2025-07-24,West,HB_SOUTH,1037327.0078931594,2108623.7440446652,123682.55150161142,RT-DA Spread
2025-07-25,West,HB_SOUTH,2137836.3787843282,1632232.5206013452,173.43036443817982,Outage
2025-07-26,West,WOODLANDS_69,2388552.6524071144,2234335.931434202,381075.3157779278,RT-DA Spread
2025-07-27,Houston,HB_WEST,2216990.1288401783,1358793.1212728652,-56153.301251869416,RT-DA Spread
2025-07-28,Houston,HB_SOUTH,1504184.4191747904,1933697.2553425205,-18929.867097338876,Metering Correction
2025-07-29,Houston,CORYCELL_138,1153177.3465484604,1227944.8608218385,103850.25458765987,Metering Correction
2025-07-30,West,CORYCELL_138,2356484.8257929096,860795.0435979579,106525.35754680552,RT-DA Spread
2025-07-31,West,HB_SOUTH,1704433.5869797864,2074198.7311974575,-69714.5276213786,RT-DA Spread
2025-08-01,Houston,HB_HOUSTON,1230359.2511779221,1803020.4415897424,-39573.01532883434,CRR Surplus
2025-08-02,North,HB_HOUSTON,1349984.2313243079,1611353.291395334,-36883.07025015889,CRR Surplus
2025-08-03,North,HB_SOUTH,1754935.2773808702,2218746.5289546303,-122503.87274653552,Outage
2025-08-04,North,HB_SOUTH,1490558.2904988928,1951137.2653021927,35718.3336141593,CRR Surplus
2025-08-05,West,CORYCELL_138,868046.0016167575,769190.5077508402,-82092.19263844019,Metering Correction
2025-08-06,West,HB_WEST,1776447.948531268,720922.5891090658,-42610.18265677592,CRR Surplus
2025-08-07,South,HB_SOUTH,1489935.9599268879,1602279.9601610578,126065.49148786065,Metering Correction
2025-08-08,North,HB_HOUSTON,1604864.5192479298,1402661.4249977972,-169115.37936910073,CRR Surplus
2025-08-09,Houston,HB_SOUTH,2079539.8550408327,734448.2853701409,-128682.18019521747,CRR Surplus
2025-08-10,West,HB_NORTH,843667.3144479379,811655.6282316005,-38598.666572905204,Metering Correction
2025-08-11,Houston,CORYCELL_138,911702.7591089474,1213765.0445458745,81265.36413127223,Metering Correction
2025-08-12,South,CORYCELL_138,801752.9183589235,1355407.7330980457,-138827.9014521642,RT-DA Spread
2025-08-13,Houston,HB_WEST,1521964.444704451,1841248.8559563057,-157257.47540473385,CRR Surplus
2025-08-14,South,HB_HOUSTON,1276785.1164112706,1916664.291917677,-239641.51863707358,Outage
2025-08-15,South,HB_SOUTH,1496072.206846221,1529997.7182621984,-111360.95788168549,Outage
2025-08-16,West,HB_WEST,1781239.7249474605,891643.3380825277,5854.392292589997,Metering Correction
2025-08-17,North,WOODLANDS_69,814145.2950922999,1236579.08706999,-106807.77731043077,RT-DA Spread
2025-08-18,Houston,HB_HOUSTON,1069321.631363056,1982515.8747968576,-217177.14964694585,RT-DA Spread
2025-08-19,West,WOODLANDS_69,1017061.8345407407,2156755.8939495087,20817.500296929255,RT-DA Spread
2025-08-20,West,CORYCELL_138,1855988.2079047568,1152212.2448652005,-101331.12159532492,RT-DA Spread
2025-08-21,North,HB_NORTH,1805037.419922831,742187.5443349996,-67703.5968458187,Metering Correction
2025-08-22,North,HB_SOUTH,931831.4176698292,1106234.7342799248,1435.2389400077009,RT-DA Spread
2025-08-23,South,HB_HOUSTON,2162639.690679552,2005045.130165924,-17743.853111724107,Metering Correction
2025-08-24,West,HB_HOUSTON,1073683.7335035026,1306771.483534567,-77832.90502604563,RT-DA Spread
2025-08-25,North,HB_SOUTH,1094159.840633208,869726.7457619716,-42750.129016199935,CRR Surplus
2025-08-26,North,CORYCELL_138,1484640.229858443,1783654.0872816644,141017.9847277,Metering Correction
2025-08-27,Houston,HB_WEST,1364337.4079676638,2022513.049736435,128055.41284095633,CRR Surplus
2025-08-28,South,HB_SOUTH,2440593.712000937,1693893.2401577758,-259909.16563001883,RT-DA Spread
2025-08-29,Houston,HB_HOUSTON,2342433.8779362896,1937862.3557112825,-64071.121658766875,CRR Surplus
2025-08-30,West,WOODLANDS_69,886433.8592589337,2045438.475177688,-237826.44190949373,CRR Surplus
2025-08-31,North,CORYCELL_138,1466378.5460420316,1102754.2629807303,148529.39412301083,Metering Correction
2025-09-01,West,HB_SOUTH,2132086.979942532,1791134.3862308494,-42016.937458370514,Metering Correction
2025-09-02,Houston,HB_WEST,1869766.4950312253,2000237.147338431,171848.12692666173,RT-DA Spread
2025-09-03,North,CORYCELL_138,2111831.074379397,670447.5359173247,193873.98155059063,RT-DA Spread
2025-09-04,West,WOODLANDS_69,1492105.7825610987,1991904.1222031699,78442.09691305982,Metering Correction
2025-09-05,South,WOODLANDS_69,1461152.2575560515,1814968.1993485156,-63760.609206316454,Outage
2025-09-06,South,WOODLANDS_69,2104212.859896715,1563856.1005540197,-9831.903104801051,RT-DA Spread
2025-09-07,North,HB_NORTH,1296366.5188049607,656338.2608217549,87963.23465383911,Metering Correction
2025-09-08,North,HB_NORTH,898013.429005811,800992.2885111035,-49099.056685376076,Outage
2025-09-09,West,HB_WEST,2313561.1987029207,1234669.7066726177,-73782.64287696556,Metering Correction
2025-09-10,North,HB_SOUTH,2408361.54151024,950121.1856994631,-134088.99883149873,CRR Surplus
2025-09-11,South,CORYCELL_138,1839583.271650199,944007.1613351381,-109108.50584177926,Outage
2025-09-12,South,HB_HOUSTON,2052765.9150653617,1149036.715134779,-309324.8044367956,RT-DA Spread
2025-09-13,North,HB_WEST,1972319.3265375893,663014.0531158146,24292.761643143618,CRR Surplus
2025-09-14,North,HB_HOUSTON,1712432.6966772326,839646.8489848911,-149375.0002583966,Outage
2025-09-15,South,HB_NORTH,1820455.946260166,1351199.2719325302,53785.61344063893,Outage
2025-09-16,North,HB_SOUTH,1718405.2857570862,1754165.8080195112,-13801.919129263373,Outage
2025-09-17,West,HB_WEST,992755.6856602748,1419000.9695539637,308887.4716706636,CRR Surplus
2025-09-18,Houston,HB_HOUSTON,1341993.9013813152,2267964.515891142,80839.11347455798,RT-DA Spread
2025-09-19,South,HB_NORTH,829423.3415896882,703055.9599721798,-76909.26497684493,RT-DA Spread
2025-09-20,South,HB_WEST,931037.6660436094,1787634.963319385,119563.7440944314,Outage
2025-09-21,North,HB_HOUSTON,1664144.4945144048,1716387.7008900696,18717.893402033507,Metering Correction
2025-09-22,Houston,HB_SOUTH,1102282.6453910377,1777791.110782171,-90722.48741932932,Outage
2025-09-23,Houston,HB_WEST,1407322.6380437666,1337445.1315831863,-4736.877649564369,Outage
2025-09-24,North,HB_NORTH,2222963.111645072,1277437.833789941,-309578.9689283052,Metering Correction
2025-09-25,North,HB_WEST,947796.9366389569,2082842.1482765765,-149939.14269213763,RT-DA Spread
2025-09-26,Houston,HB_WEST,2214158.0621321443,910004.6763136138,-56568.70643663144,Metering Correction
2025-09-27,South,HB_SOUTH,2320809.074114453,1152462.1169110723,27352.897323421086,CRR Surplus
2025-09-28,Houston,WOODLANDS_69,1341538.0087514957,898297.6512825976,-71408.99045010589,Outage
2025-09-29,South,HB_WEST,1573979.8727746764,860950.4486665061,-72824.22197660376,CRR Surplus
2025-09-30,North,HB_NORTH,1500645.5882270904,1309671.6997026016,66209.32912158736,Outage
2025-10-01,Houston,HB_WEST,1045589.9545819035,2166593.0032562,-96217.13541735636,Metering Correction
2025-10-02,West,CORYCELL_138,959799.1066699475,2149758.168275306,81488.40670873363,CRR Surplus
2025-10-03,North,WOODLANDS_69,1565300.5567245455,1743558.338910476,44130.82703839909,CRR Surplus
2025-10-04,West,HB_HOUSTON,1763862.5980455792,1472622.9173312737,-41749.88479179194,CRR Surplus
2025-10-05,West,HB_HOUSTON,1630383.622511412,1605078.0713525997,-283977.6687544304,CRR Surplus
2025-10-06,North,CORYCELL_138,1956552.1347650927,1716046.1250159412,-8985.987067573355,RT-DA Spread
2025-10-07,West,HB_WEST,1609208.9765712842,1474010.4985618978,36581.677171817326,Outage
2025-10-08,South,HB_SOUTH,2268087.3928333195,1522735.1751712784,-138187.83776726396,RT-DA Spread
2025-10-09,North,CORYCELL_138,1828770.4007552702,1979032.563899983,8030.6353007463185,RT-DA Spread
2025-10-10,North,CORYCELL_138,1184707.0330489753,2036198.0439388603,113982.25500280401,CRR Surplus
2025-10-11,Houston,WOODLANDS_69,2289417.0613197973,1511081.7653857344,126202.4477036561,Outage
2025-10-12,Houston,HB_HOUSTON,2263072.92290862,1604245.84416437,42082.559941310814,Metering Correction
2025-10-13,Houston,HB_HOUSTON,1429202.7871219418,936953.6492498828,93518.48463265508,Outage
2025-10-14,West,HB_HOUSTON,1121653.1478978447,1267578.6318847002,65037.95251717146,Metering Correction
2025-10-15,North,HB_WEST,2123334.5081087295,1546221.275279966,28657.703171526315,CRR Surplus
2025-10-16,Houston,WOODLANDS_69,901683.106078262,1374399.753662581,50626.170828228715,Metering Correction
2025-10-17,West,HB_HOUSTON,1527490.6152623412,1917532.344511728,86946.1359683093,Outage
2025-10-18,South,CORYCELL_138,1581423.5004406818,1007459.8707356772,-164325.4052389571,Metering Correction
2025-10-19,Houston,WOODLANDS_69,1869460.292707044,1027085.2651983044,-70999.16415747159,RT-DA Spread
2025-10-20,Houston,HB_NORTH,1261379.8542784245,2177874.0151261473,94181.18555958744,Outage
2025-10-21,Houston,HB_SOUTH,1403261.3532123875,837572.6998456635,-171693.279829777,RT-DA Spread
2025-10-22,Houston,HB_WEST,2420707.098803026,1043296.828396508,-50498.59916024392,Metering Correction
2025-10-23,South,HB_WEST,2284006.569289284,1871378.0219265618,-189533.30303456343,Metering Correction
2025-10-24,North,HB_HOUSTON,1449074.8284143107,1516816.6390892405,-75492.48688497864,Metering Correction
2025-10-25,Houston,HB_WEST,2443754.3645661576,850372.5176404079,-11236.30001784485,Metering Correction
2025-10-26,North,HB_NORTH,905783.8473209536,1715016.364555857,227588.68942453712,CRR Surplus
2025-10-27,South,CORYCELL_138,1317241.4790158756,1014409.3177537,88915.36454860901,RT-DA Spread
2025-10-28,West,CORYCELL_138,2008143.0794020877,965281.2451949384,-11367.586096592015,Metering Correction
2025-10-29,North,HB_WEST,1820469.9336952346,1117863.4260170483,-298804.9283243276,CRR Surplus
2025-10-30,North,HB_HOUSTON,1693084.6668080054,1271071.0560554347,41243.6320090332,Outage
2025-10-31,North,WOODLANDS_69,2109285.7144022677,2140062.2003774764,-66923.13175196495,Metering Correction
2025-11-01,North,HB_WEST,2461526.2744855266,1488630.3408285468,-34968.54389697398,CRR Surplus
2025-11-02,Houston,HB_WEST,1985031.8894974843,931765.4480707827,-141057.49120249256,Metering Correction
2025-11-03,West,HB_SOUTH,1535614.962870197,2248680.307520529,-221960.63830947562,RT-DA Spread
2025-11-04,Houston,HB_SOUTH,1961122.5832103968,1282056.358355001,-306665.38830715645,RT-DA Spread
2025-11-05,South,WOODLANDS_69,1698391.8048335952,2200815.759182154,-189278.16335669896,CRR Surplus
2025-11-06,West,CORYCELL_138,1875570.995701361,1258506.0313638267,88674.48076488977,Metering Correction
2025-11-07,Houston,HB_HOUSTON,1943450.0304116313,792553.2213205928,-104595.32677506673,RT-DA Spread
2025-11-08,South,CORYCELL_138,2489054.0833404483,1699870.6524705482,21844.11871305993,CRR Surplus
2025-11-09,South,HB_WEST,1643948.2290556794,2197315.379269356,-4525.300288932704,CRR Surplus
2025-11-10,South,WOODLANDS_69,2099151.357874963,1807187.6922143344,-90088.64588459753,Outage
2025-11-11,South,CORYCELL_138,2415156.4712613616,717411.4831303728,-212217.95037907685,RT-DA Spread
2025-11-12,West,HB_SOUTH,1174115.006726624,1072416.105718688,-127992.82797988853,Outage
2025-11-13,Houston,HB_NORTH,1451369.6735922005,1593488.354876917,-76064.14890667408,Outage
2025-11-14,West,WOODLANDS_69,1745487.7665604693,659399.1892317283,-100385.14282023505,RT-DA Spread
2025-11-15,South,HB_NORTH,1470863.8014951227,1534527.4939717883,-152019.4775545895,CRR Surplus
2025-11-16,Houston,HB_WEST,2041565.3321575334,1972011.8411547618,-172447.9269920847,CRR Surplus
2025-11-17,West,HB_WEST,1082080.3998710143,2279957.2777710836,-160436.379057066,Outage
2025-11-18,West,HB_WEST,2409019.690538508,1532044.0391834052,-269842.774443681,CRR Surplus
2025-11-19,Houston,CORYCELL_138,1440698.7367028042,1771288.2399610686,60854.83982800627,Metering Correction
2025-11-20,South,WOODLANDS_69,2355218.2496919194,903816.5111697825,-258426.86784848495,CRR Surplus
2025-11-21,North,WOODLANDS_69,2428179.7334493054,843911.356498955,-105194.33699066915,Outage
2025-11-22,South,CORYCELL_138,1134042.6376479135,1710948.546799954,-30420.304410342353,RT-DA Spread
2025-11-23,Houston,HB_SOUTH,1759235.7424062917,914238.8034180894,80809.30734668869,CRR Surplus
2025-11-24,West,CORYCELL_138,2094901.451571273,1909665.26634681,-23771.80041483279,CRR Surplus
2025-11-25,North,HB_SOUTH,858086.2052538889,1793499.0534572573,-99894.96008802674,Outage
2025-11-26,North,HB_NORTH,1483727.6693360298,1263633.9008956607,-156107.13377565215,Metering Correction
2025-11-27,West,CORYCELL_138,1504574.6036255392,1752704.568680437,147024.76749690447,Metering Correction
2025-11-28,West,HB_SOUTH,1931293.4115408638,1262787.309692838,119730.5599554301,CRR Surplus
2025-11-29,South,HB_WEST,1686784.0942586549,1671483.776468759,-60622.1738446357,Metering Correction
2025-11-30,South,HB_NORTH,2043840.3823715958,1738671.005299547,-135148.8037036484,RT-DA Spread
2025-12-01,North,HB_SOUTH,1412636.8561076485,1822644.9478664314,-125163.07994276812,Metering Correction
2025-12-02,Houston,WOODLANDS_69,1492573.5394747672,1518448.358144546,-9548.639862891665,Outage
2025-12-03,South,WOODLANDS_69,1491984.7939028712,1260787.5696973966,-132508.14038147556,RT-DA Spread
2025-12-04,North,HB_SOUTH,1357562.549696537,1668572.9218439627,-11680.813062086949,RT-DA Spread
2025-12-05,North,HB_SOUTH,933029.4226668997,1444157.8162140418,-36893.547494384744,RT-DA Spread
2025-12-06,South,HB_NORTH,1578157.3551776174,748263.0622362586,3444.974135620243,Outage
2025-12-07,West,HB_HOUSTON,2268522.269413677,1457908.4035424893,-102165.88455127047,CRR Surplus
2025-12-08,Houston,CORYCELL_138,1523217.840514854,1255336.9759477843,-67976.95574279815,Outage
2025-12-09,Houston,HB_NORTH,1043848.653446209,744473.9060017862,-152286.70886605466,CRR Surplus
2025-12-10,West,WOODLANDS_69,1322160.8386684777,828403.0944814916,-50146.92147737241,RT-DA Spread
2025-12-11,West,HB_WEST,2089014.8024343685,1592590.9650068497,-132516.671685539,CRR Surplus
2025-12-12,North,HB_NORTH,1232621.2946659669,1998561.9549575923,-35903.10334638401,RT-DA Spread
2025-12-13,South,WOODLANDS_69,900408.3565473177,1435712.6722261577,51612.23992896931,Metering Correction
2025-12-14,North,WOODLANDS_69,892512.310439537,729968.6270808688,-67272.69779591679,CRR Surplus
2025-12-15,South,HB_WEST,1831771.2855626477,2039301.5017838941,-79245.72485955738,RT-DA Spread
2025-12-16,West,HB_NORTH,2326342.64593104,1746440.8577814016,-83639.70784422007,Outage
2025-12-17,North,HB_WEST,1242152.1960613194,2160797.9530341937,118821.26986645116,Metering Correction
2025-12-18,Houston,HB_SOUTH,2479501.5200692173,2283673.845944402,-75438.23376462198,RT-DA Spread
2025-12-19,North,HB_HOUSTON,1174400.3335312135,2046512.8675665695,-70697.88463011677,Outage
2025-12-20,West,WOODLANDS_69,1388346.1245198315,2152152.8528223243,-185639.11075916517,RT-DA Spread
2025-12-21,North,CORYCELL_138,1594899.5621495242,1917978.1324098348,-114374.21417418505,RT-DA Spread
2025-12-22,North,HB_HOUSTON,982809.3015655158,2163261.5152530903,46068.76035451339,CRR Surplus
2025-12-23,South,HB_NORTH,1298385.9037550502,1427035.0516365399,229598.6831808451,RT-DA Spread
2025-12-24,North,CORYCELL_138,1822461.8936453667,2177140.4928567056,-109756.12998716316,Metering Correction
2025-12-25,Houston,HB_HOUSTON,820594.5766400007,1000404.8037609551,-23073.76080749908,Metering Correction
2025-12-26,South,CORYCELL_138,1621879.9855190977,845019.1733642882,170643.73482063445,RT-DA Spread
2025-12-27,South,HB_SOUTH,1921009.4608387062,1428695.3937830778,68038.36400779814,Outage
2025-12-28,Houston,HB_HOUSTON,1307095.8967338093,1075174.691527452,54618.86461672824,RT-DA Spread
2025-12-29,West,CORYCELL_138,2280900.7927966295,1730348.6410855567,27237.763596756937,RT-DA Spread
2025-12-30,South,CORYCELL_138,1271335.4315863606,1996557.0277746755,-8098.693007707909,CRR Surplus
2025-12-31,South,CORYCELL_138,2350445.5153938932,1007519.851311752,-184419.57635455512,Metering Correction
2026-01-01,North,CORYCELL_138,2216509.7138314145,765059.1078506812,-84980.82425379305,RT-DA Spread
2026-01-02,North,HB_WEST,1196902.947027993,1653154.4607373793,49368.793312704016,RT-DA Spread
2026-01-03,West,HB_WEST,907064.3419510461,1737753.7057165708,-85007.21715914697,Metering Correction
2026-01-04,South,HB_WEST,853734.9559313048,1607281.7331633372,-6856.804161750857,CRR Surplus
2026-01-05,Houston,HB_SOUTH,2119132.203278113,1790370.7397049193,-151109.29840315098,Outage
2026-01-06,West,HB_SOUTH,1755345.683622614,745089.9578820467,-50673.798848421604,Metering Correction
2026-01-07,West,HB_HOUSTON,1101916.9419574817,1779508.9138948526,-232617.3911893151,Metering Correction
2026-01-08,Houston,HB_WEST,1078950.3971927539,1489988.6671636403,76470.5363115337,Outage
2026-01-09,West,HB_HOUSTON,1442292.4121498088,1123989.1716789217,-79668.71539321108,Outage
2026-01-10,South,CORYCELL_138,947275.577869866,1376956.3513132695,111998.07387891153,Outage
2026-01-11,North,HB_NORTH,1975128.8377240722,958006.5656078907,-25977.317099615342,Outage
2026-01-12,North,WOODLANDS_69,2413510.794760419,689933.9087345889,167389.7626174337,Outage
2026-01-13,South,CORYCELL_138,1503889.6104562047,974368.2297048129,-157897.60196274312,Metering Correction
2026-01-14,Houston,WOODLANDS_69,2278092.637166718,1487781.546350184,197849.07700854476,Outage
2026-01-15,South,WOODLANDS_69,1356085.8178953957,1377277.415503516,65777.54351338928,RT-DA Spread
2026-01-16,Houston,HB_HOUSTON,1219678.9439686476,2230324.000869062,67516.18592426123,CRR Surplus
2026-01-17,Houston,HB_NORTH,1368379.1142957718,2136412.411252266,211573.62699443515,Outage
2026-01-18,North,WOODLANDS_69,1155020.2438759701,1055395.8878349466,47845.08699472426,Metering Correction
2026-01-19,West,HB_SOUTH,1202231.1662653687,1342579.0574547958,-5837.660519745572,RT-DA Spread
2026-01-20,Houston,HB_NORTH,1972131.9719003185,2246409.8171512624,-230463.92531097823,Outage
2026-01-21,Houston,WOODLANDS_69,2270084.2908128807,1308819.4795920956,40888.80971711867,RT-DA Spread
2026-01-22,West,CORYCELL_138,1447778.9400164685,2269041.783781929,-92083.09422607438,CRR Surplus
2026-01-23,Houston,HB_HOUSTON,1805189.8659931016,1027969.7013471974,-20045.29829683158,Metering Correction
2026-01-24,Houston,HB_WEST,1071530.9200605755,1642039.0213379958,-1460.908629369922,Outage
2026-01-25,North,CORYCELL_138,2086095.850675805,1903104.6362919267,-139906.08450883027,Metering Correction
2026-01-26,North,HB_HOUSTON,950944.5656606031,861217.8532648822,68248.4741985357,Metering Correction
2026-01-27,South,CORYCELL_138,1103482.092443273,2264895.966069578,-31262.132713702515,Outage
2026-01-28,Houston,WOODLANDS_69,1509859.6669836773,1782976.3969577143,53840.319451934454,Outage
2026-01-29,South,HB_NORTH,1000150.1499691558,761272.1540479788,19302.25819569046,RT-DA Spread
2026-01-30,North,HB_SOUTH,2323459.6549607827,767847.3332117617,-31877.116109662406,CRR Surplus
2026-01-31,Houston,WOODLANDS_69,1637161.331261534,1152176.6172038252,142240.89982070847,Outage
2026-02-01,West,WOODLANDS_69,1285061.806748551,2244643.4898023177,-137032.64034249372,RT-DA Spread
2026-02-02,North,HB_NORTH,1036004.1671816177,2029577.9587947382,-230237.5329270871,CRR Surplus
2026-02-03,North,WOODLANDS_69,1088281.577708818,1881249.1311066116,-66440.92905393177,CRR Surplus
2026-02-04,Houston,HB_WEST,2041321.7628964249,1066580.2055225,-44023.755543022766,Metering Correction
2026-02-05,Houston,WOODLANDS_69,2298499.678908105,2050978.5964634442,-34135.47646533047,Metering Correction
2026-02-06,West,HB_HOUSTON,1895568.339767702,1545390.993347166,-150233.9270663904,Outage
2026-02-07,Houston,HB_NORTH,1406802.125019962,2282908.466252345,-103621.23544231441,Outage
2026-02-08,Houston,HB_HOUSTON,1243623.062349978,1099572.6868500328,103502.53469791921,Metering Correction
2026-02-09,South,WOODLANDS_69,1628159.3427930495,2104688.1560370633,-149404.47011166002,Outage
2026-02-10,North,CORYCELL_138,1312208.542045343,750104.2431260678,-217.39657171806903,Outage
2026-02-11,South,WOODLANDS_69,1642444.0958779631,2004475.463135988,-221930.57006515245,CRR Surplus
2026-02-12,West,HB_NORTH,819070.7637744296,1594777.7566051623,-86211.45627928917,RT-DA Spread
2026-02-13,Houston,WOODLANDS_69,2300164.0808994696,1423825.5790363606,-96787.40500380276,Outage
2026-02-14,South,HB_NORTH,1800249.3444383915,1016315.8099895101,198513.21143802343,CRR Surplus
2026-02-15,South,WOODLANDS_69,1632797.2953214655,928816.2417781658,15468.556399991627,RT-DA Spread
2026-02-16,Houston,HB_WEST,1616161.6445277394,1242407.6619787517,-260631.31684584147,Outage
2026-02-17,West,HB_NORTH,2100491.4994249158,921251.2599359868,-66346.12902172,Metering Correction
2026-02-18,Houston,HB_SOUTH,1729335.757989468,1045371.956606566,56996.69643492451,Metering Correction
2026-02-19,West,HB_HOUSTON,1889823.6623370915,2279015.945627784,-119209.57775748684,RT-DA Spread
2026-02-20,North,CORYCELL_138,2155079.5012305873,2043726.5962623362,-27704.483161730455,CRR Surplus
2026-02-21,North,WOODLANDS_69,2254259.9554601396,718092.9636843929,23331.16825230728,RT-DA Spread
2026-02-22,South,HB_SOUTH,1738733.0323345647,1175815.0038438826,77803.17499443985,CRR Surplus
2026-02-23,West,HB_SOUTH,1793188.997187056,922640.6802009355,-256246.20185680207,CRR Surplus
2026-02-24,North,HB_NORTH,1963908.5151955246,949308.7052229033,-248093.04414270434,RT-DA Spread
2026-02-25,West,HB_SOUTH,1602876.0601250455,918900.9198181808,49848.2176650176,RT-DA Spread
2026-02-26,North,CORYCELL_138,2335411.79432539,1583723.2898464606,235199.37042606773,RT-DA Spread
2026-02-27,Houston,WOODLANDS_69,1724198.2459280854,939083.9836107802,1402.5157664968501,RT-DA Spread
2026-02-28,West,HB_SOUTH,2371215.3324493654,2293682.047306679,-136849.93688609375,Outage
2026-03-01,Houston,HB_SOUTH,2166023.8646704676,964285.843032914,59349.22773041464,Outage
2026-03-02,North,HB_NORTH,1417645.996969739,2084926.007717624,-131222.4592427385,Metering Correction
2026-03-03,West,HB_HOUSTON,1928638.5700932182,1955044.2540758988,-61417.803861089706,Metering Correction
2026-03-04,South,HB_HOUSTON,2018757.8566393368,2231964.631765995,-65164.55771126695,RT-DA Spread
2026-03-05,South,HB_WEST,1595093.7510186061,2200565.2214955576,19866.65232625112,RT-DA Spread
2026-03-06,North,HB_HOUSTON,2000993.6264723039,1506374.9696728042,-196348.96924490712,CRR Surplus
2026-03-07,Houston,HB_SOUTH,1209480.491882814,2290550.552026403,26512.364050456425,RT-DA Spread
2026-03-08,South,HB_WEST,1291409.8493906162,2147422.7088712016,-16303.122292460477,Outage
2026-03-09,South,HB_WEST,1894368.859226218,1443124.9697385142,-18957.225306516506,RT-DA Spread
2026-03-10,Houston,HB_NORTH,1620795.6468968072,1430614.14243511,-105202.59930718825,Metering Correction
2026-03-11,North,HB_WEST,1451717.6946048446,1851630.8704111227,-44274.22657820458,Metering Correction
2026-03-12,South,HB_NORTH,913297.7272609505,1482101.2252205159,-83030.00639581181,RT-DA Spread
2026-03-13,West,CORYCELL_138,2472727.466674757,2135668.0019911937,-116986.47998597698,CRR Surplus
2026-03-14,South,HB_WEST,1187437.682720653,827285.2528055122,-51251.487641942185,Metering Correction
2026-03-15,Houston,HB_NORTH,1858177.6706934369,2218521.0400650464,17175.602756672328,CRR Surplus
2026-03-16,Houston,CORYCELL_138,2146621.1240292154,2273921.395770628,-109523.39014917245,CRR Surplus
2026-03-17,North,CORYCELL_138,1663613.6490288833,2286671.7342193313,-66109.82604682002,RT-DA Spread
2026-03-18,Houston,HB_NORTH,1784513.3388303202,1769141.5967863821,-275822.7913449542,Metering Correction
2026-03-19,North,HB_WEST,1703346.7939467218,687436.2643803512,-190732.59372489003,CRR Surplus
2026-03-20,West,CORYCELL_138,1882108.9706635727,1961001.4818814117,-94011.63740058319,CRR Surplus
2026-03-21,North,HB_HOUSTON,1507792.4226101944,1901482.2408937688,-289252.7471911375,RT-DA Spread
2026-03-22,West,HB_HOUSTON,1405406.305490931,909017.5265041778,-101376.83773540938,RT-DA Spread
2026-03-23,Houston,HB_WEST,2474796.525735436,1118999.2196981863,97891.0436599289,Metering Correction
2026-03-24,South,CORYCELL_138,1434926.8601431064,985076.9226869039,117095.07450639506,CRR Surplus
2026-03-25,Houston,WOODLANDS_69,1558770.8541007515,2166973.9925195137,-45966.96225295755,CRR Surplus
2026-03-26,South,HB_NORTH,1075504.6034400004,1222255.57838247,186807.86621528163,Outage
2026-03-27,West,HB_WEST,2206248.5014986987,2211627.7925720774,-43994.24120457708,CRR Surplus
2026-03-28,South,HB_HOUSTON,2115211.5302780867,1256266.3081131391,-165032.1145989251,CRR Surplus
2026-03-29,South,WOODLANDS_69,2044268.2162018574,1259578.7574881497,-87329.11742443341,Metering Correction
2026-03-30,North,WOODLANDS_69,2276852.319160991,1195298.2772270963,48745.5355905287,CRR Surplus
2026-03-31,Houston,CORYCELL_138,831560.8247188481,2031246.4689189391,-3760.8762576502268,RT-DA Spread
2026-04-01,South,HB_HOUSTON,830538.617686576,994616.1330470475,33507.681787449445,Outage
2026-04-02,South,HB_SOUTH,2461041.199080605,1788316.8295458022,-47089.893116105864,Metering Correction
2026-04-03,South,HB_SOUTH,1126486.3689981096,779912.7017142568,33961.293976146,CRR Surplus
2026-04-04,Houston,HB_NORTH,2308394.8244360443,2294668.2788659153,-87323.79492127153,CRR Surplus
2026-04-05,North,HB_NORTH,2150759.641279011,1448260.691421938,-66931.1329553912,Outage
2026-04-06,Houston,HB_NORTH,1683749.3138846005,855974.4736130903,-158206.7408776807,RT-DA Spread
2026-04-07,Houston,WOODLANDS_69,873095.6390873622,1404616.4912106288,-26425.90090514033,RT-DA Spread
2026-04-08,North,CORYCELL_138,1149450.0197329659,780813.9541192785,78423.41183581822,RT-DA Spread
2026-04-09,South,HB_NORTH,913022.6532552954,1776590.8523415816,-260331.01521261904,RT-DA Spread
2026-04-10,Houston,WOODLANDS_69,2123331.2141411826,1461090.7952409291,-25020.112984864823,Outage
2026-04-11,Houston,HB_HOUSTON,1655820.4355942844,855363.5882703244,-10044.356930553819,CRR Surplus
2026-04-12,Houston,HB_WEST,2476974.2278473107,1656621.5744338753,-106455.91961418737,RT-DA Spread
2026-04-13,North,HB_SOUTH,1712371.4007994519,1128747.7904123995,-55844.20537616034,Metering Correction
2026-04-14,North,HB_NORTH,991962.0936712638,2204567.8467061417,-205716.3682731705,Outage
2026-04-15,West,WOODLANDS_69,970815.9103005254,1731423.0494406568,122721.98841735086,Outage
2026-04-16,South,HB_NORTH,1690705.4438003525,1319041.477476147,-39768.028498325075,Metering Correction
2026-04-17,North,HB_WEST,1792785.336764258,879658.5741575095,42707.932934688,RT-DA Spread
2026-04-18,South,HB_WEST,1063571.7827626322,1803806.028305529,-73502.1157275709,Metering Correction
2026-04-19,West,HB_NORTH,1060595.6033667517,1430024.4215690312,-157180.3084488546,Metering Correction
2026-04-20,West,HB_WEST,2355755.7318020575,1885965.8414619386,-317052.6385278104,Metering Correction
2026-04-21,North,HB_NORTH,2235718.6531125065,1720497.7139242624,59888.097566446595,Metering Correction
2026-04-22,Houston,WOODLANDS_69,817151.5767540094,1676832.598378692,44459.17929841249,Outage
2026-04-23,West,HB_SOUTH,2069071.5856759748,1861816.8397626597,16039.452116978231,Metering Correction
2026-04-24,West,HB_HOUSTON,1696011.7616550373,1236642.8535067774,26023.104923427294,Metering Correction
2026-04-25,West,CORYCELL_138,1896901.906244133,2246156.5060235476,17574.768432995486,CRR Surplus
2026-04-26,West,HB_WEST,867423.4012101673,2194773.0917442814,-56333.742075581365,Outage
2026-04-27,West,WOODLANDS_69,1543657.5965753822,1833618.183387265,86626.80115890008,RT-DA Spread
2026-04-28,North,HB_SOUTH,1604582.2889806093,847493.2506996106,73757.43835309443,Metering Correction
2026-04-29,Houston,WOODLANDS_69,1017813.5666946691,1992657.4026962202,164141.41964512412,CRR Surplus
2026-04-30,West,HB_SOUTH,2380102.108423004,1184035.816517707,-87545.54999980675,RT-DA Spread
2026-05-01,Houston,HB_WEST,820093.9268532919,872154.7542597814,-105661.24400659406,Metering Correction
2026-05-02,West,HB_SOUTH,959310.0283678725,1758257.3808776515,11786.901735683146,RT-DA Spread
2026-05-03,North,HB_NORTH,1767015.4711257657,1926493.0595599753,-169959.50198767794,Metering Correction
2026-05-04,Houston,CORYCELL_138,807356.8996736393,2067998.1137590723,2148.241777407864,Metering Correction
2026-05-05,North,HB_NORTH,2489234.2064592093,847610.3235984287,21290.016614066364,Outage
2026-05-06,South,HB_WEST,850663.6391524917,989668.8103914055,136362.74271375756,Metering Correction
2026-05-07,South,HB_NORTH,1872280.5973158542,2137884.7246140176,-185828.2076910887,Outage
2026-05-08,Houston,HB_WEST,1414603.20526215,1015804.6880228753,-234425.6048624445,CRR Surplus
2026-05-09,North,WOODLANDS_69,991314.610561203,1626587.3284944575,-120638.5156627476,RT-DA Spread
2026-05-10,Houston,WOODLANDS_69,2267403.209704685,957199.7918692041,-63279.670993433785,Metering Correction
2026-05-11,South,HB_WEST,1728122.1037064586,873366.0339947576,-20637.95632325582,CRR Surplus
2026-05-12,North,HB_SOUTH,1941041.8904033408,1046517.4172936592,113863.89343401001,Outage
2026-05-13,Houston,HB_WEST,2136723.2944672843,1026600.8712179484,40202.25283114289,Metering Correction
2026-05-14,Houston,WOODLANDS_69,1738572.6327690599,972833.3402058235,-154455.45187680225,Outage
2026-05-15,West,HB_HOUSTON,1228817.0465615804,810259.7093453571,-10844.44879707232,Outage
2026-05-16,North,HB_HOUSTON,1330673.1860237515,767781.0461591264,-128855.90340085146,CRR Surplus
2026-05-17,Houston,HB_SOUTH,2203505.9595141346,1172093.6292086488,23879.602759534464,Metering Correction
2026-05-18,North,HB_WEST,2136469.038390662,1188334.0217617382,-69872.41411500241,Metering Correction
2026-05-19,South,CORYCELL_138,824544.5603691504,1936920.7706520795,-18516.452172050576,CRR Surplus
2026-05-20,Houston,CORYCELL_138,1783953.8684837967,2020924.6190210194,-163304.99209999456,Metering Correction
2026-05-21,Houston,WOODLANDS_69,2080645.8185067605,898055.3369459319,-87381.56644186907,Outage
2026-05-22,South,CORYCELL_138,971158.2729516558,1957849.5109128405,243046.620392435,Metering Correction
2026-05-23,Houston,HB_NORTH,1842849.5337739126,1091703.7622452504,55565.08670815127,CRR Surplus
2026-05-24,West,CORYCELL_138,1592534.804263842,1471736.3488119245,-102812.6970740339,Outage
2026-05-25,Houston,HB_WEST,1170232.8810132295,791802.0456043595,-214269.58670380918,Outage
2026-05-26,South,WOODLANDS_69,1883937.7807031292,1307159.1782676084,-15132.46194597863,RT-DA Spread
2026-05-27,North,HB_SOUTH,1309429.014800217,737393.4348526763,-84731.38763411771,RT-DA Spread
2026-05-28,West,HB_SOUTH,1140014.4954384363,661228.4037685876,-128047.72104966569,CRR Surplus
2026-05-29,Houston,CORYCELL_138,1563747.821444843,2188316.1265685894,53535.38438008963,CRR Surplus
2026-05-30,Houston,HB_NORTH,1822585.7311530919,1967652.9124517075,36838.88403862041,Metering Correction
2026-05-31,Houston,HB_WEST,1535100.4988927373,1001109.7331817682,-220966.16136149992,Metering Correction
2026-06-01,West,HB_WEST,2347769.6738149268,1118418.9550490235,132118.63893164913,Metering Correction
2026-06-02,Houston,CORYCELL_138,2330121.0079155983,861693.8619335712,37737.736441716785,RT-DA Spread
